region_id,Municipality,SoVI_2017
72085,Las Piedras,0.14
72115,Quebradillas,0.12
72105,Naranjito,0.61
72053,Fajardo,0.7
72151,Yabucoa,0.66
72067,Hormigueros,0.26
72127,San Juan,0.29
72051,Dorado,0.08
72121,Sabana Grande,0.51
72039,Ciales,0.64
72133,Santa Isabel,0.27
72139,Trujillo Alto,0.19
72073,Jayuya,0.99
72097,Mayagüez,0.84
72029,Canóvanas,0.58
72123,Salinas,0.78
72103,Naguabo,0.4
72003,Aguada,0.13
72043,Coamo,0.44
72055,Guánica,0.75
72019,Barranquitas,0.96
72081,Lares,0.88
72153,Yauco,0.38
72001,Adjuntas,0.86
72093,Maricao,0.74
72005,Aguadilla,0.82
72009,Aibonito,0.42
72111,Peñuelas,0.53
72113,Ponce,0.79
72021,Bayamón,0.39
72117,Rincón,0.06
72145,Vega Baja,0.21
72023,Cabo Rojo,0.53
72069,Humacao,0.35
72077,Juncos,0.77
72037,Ceiba,0.17
72047,Corozal,0.83
72099,Moca,0.79
72107,Orocovis,1
72129,San Lorenzo,0.49
72135,Toa Alta,0.18
72095,Maunabo,0.42
72109,Patillas,0.69
72091,Manatí,0.71
72087,Loíza,0.97
72011,Añasco,0.09
72041,Cidra,0.6
72063,Gurabo,0.1
72065,Hatillo,0.04
72057,Guayama,0.87
72143,Vega Alta,0.91
72137,Toa Baja,0.22
72141,Utuado,0.32
72013,Arecibo,0.25
72149,Villalba,0.94
72061,Guaynabo,0
72017,Barceloneta,0.3
72035,Cayey,0.65
72015,Arroyo,0.9
72125,San Germán,0.36
72031,Carolina,0.23
72071,Isabela,0.47
72054,Florida,0.03
72079,Lajas,0.57
72025,Caguas,0.48
72027,Camuy,0.05
72119,Río Grande,0.62
72075,Juana Díaz,0.56
72045,Comerío,0.92
72007,Aguas Buenas,0.52
72033,Cataño,0.95
72101,Morovis,0.68
72083,Las Marías,0.31
72059,Guayanilla,0.45
72131,San Sebastián,0.73
72089,Luquillo,0.34
